Year;Node;Cost;CertainEquivalence;Consumption;Utility;SDF;DeltaConsumption;MU_2;MU_1;MU_0;Cost;CertainEquivalence;Consumption;Utility;SDF;DeltaConsumption;MU_2;MU_1;MU_0;Cost;CertainEquivalence;Consumption;Utility;SDF;DeltaConsumption;MU_2;MU_1;MU_0
2015;0;0.033153761792479093;0.75017316728529781;0.96684623820752091;9.9128234372865585;1.0;-0.1819522731542067;0.13878408540715276;0.15641035006107318;0.32866434467429206;0.032181864285541671;0.75017592283944434;0.96781813571445829;9.9128254839805052;1.0;-0.17819435796120331;0.13861705083160811;0.15624875146222397;0.3282977185979909;0.031242772724316182;0.7502252586642062;0.96875722727568381;9.9074559861943463;1.0;-0.17453121462619459;0.13853692844309681;0.15583497941735056;0.32774676299033972
2030;1;0.057490585284669;0.73436038409853699;1.1766724081664519;12.009721099918238;0.79011537619303818;0.0017537471786566172;0.137800032096762;0.15649714712456964;0.32701819549845312;0.058334647594299703;0.73436779821789522;1.1756093468815425;12.008317086282208;0.79185564763326588;0.0017077152837163823;0.13793893781546593;0.15661666747889014;0.32730425878577085;0.058842991272307792;0.73441014246897762;1.1749657841013361;12.002076180614216;0.79241899179277875;0.0016630800569572557;0.13791984144270927;0.15664659885570884;0.32731434305589951
2030;2;0.027776109920520608;0.73262744009234126;1.2146159176106306;12.271937119971206;0.67695836140459797;0.00099747794444215998;0.13519593006658634;0.15551699714162273;0.32335492071189659;0.026623983934127418;0.7326378914233227;1.2160499736849111;12.270875408556936;0.67676579584068453;0.00097551292783659704;0.13492355216077362;0.15538365227909173;0.32290021244843359;0.022433509067366554;0.73272480895330272;1.2212800407638045;12.25988295286964;0.67501456987052699;0.00095684470116097486;0.13443530388062302;0.15421225056013116;0.32104427612909237
2060;3;0.083030504893092549;0.70318122231284219;1.7591865272847533;17.753063890588511;0.46208580642356717;0.026170772742650783;0.13438173242816956;0.15689237105200263;0.32293102959390591;0.080809689015210476;0.70318111762606172;1.7633900784079091;17.754442634032856;0.46136023443770258;0.026115651137303963;0.13399618870853003;0.15653991937616335;0.32210360248679754;0.079215430223886996;0.70322909765191244;1.7663593564636397;17.744846920387179;0.46061607269819566;0.02597498285425992;0.13337357101389496;0.15645392928397531;0.32130897236508316
2060;4;0.055389488252902692;0.70131910295777378;1.828252110387514;18.190349168964016;0.39047358627559381;0.015314129351540196;0.1333560105788027;0.15285922510761152;0.31788442588836791;0.055722066938787923;0.70131593870363307;1.8275750949365144;18.190848971002598;0.39115305415671908;0.015246230379428738;0.13344324442767852;0.15289625148344896;0.31802498020514092;0.056426726023733685;0.70135238092772079;1.8261592818651171;18.18216542977483;0.39146247229286357;0.015137011221733054;0.13360769357184119;0.15282413236801648;0.31813013080341168
2060;5;0.055809634224963128;0.70186114046497716;1.8255155426565637;18.067453538264676;0.39607829348627038;0.011342020928339913;0.13087143746905047;0.15379261127805258;0.31602458719758647;0.057420657658931881;0.70189353581116198;1.8222574709092265;18.059159304086897;0.39748570076591594;0.010986348019104142;0.13105464988058926;0.15403236597021061;0.31649094760125029;0.035881935221312986;0.70208211365584194;1.8635277637217078;18.029812664580792;0.38784813407347024;0.010331769468718832;0.12618319780679188;0.15146885382193354;0.3081553340399138
2060;6;0.016425653337160121;0.69977959843486537;1.9113329774302465;18.568307162559979;0.32749692041352441;0.0072084825633700333;0.12825040523056866;0.15023411188119215;0.30956235880710009;0.015937112000726679;0.6997993878074138;1.9121907022956961;18.563997850652687;0.32746760928509094;0.0070296102736122634;0.12804645868656239;0.15023071393697052;0.30932829348756719;0.014746486912789339;0.69999700874242854;1.9142707247487976;18.519023151856434;0.32847997644375826;0.006557356398806391;0.12853220858544417;0.1486714177563164;0.30812330340257182
2100;7;0.10295056476218876;0.66369607966905675;2.9778864762866695;29.870483432635151;0.22653272098871197;0.12031964285159624;0.13382952745572596;0.15412510823245601;0.32076763487571841;0.099927291947948665;0.66375199332130175;2.9870676474465725;29.851506191792335;0.22606682573257403;0.11978155853284989;0.13285519276981936;0.15398057966936318;0.31944669926012398;0.10115215598271329;0.6638676957184011;2.9821256544328314;29.804631697635873;0.22696874089969146;0.11866247286569376;0.13271859251386059;0.15413610255304044;0.31947663759264489
2100;8;0.085050308023148613;0.6616502208851579;3.1286901431295626;30.733300912606463;0.1844247091604431;0.079377284327186715;0.13348866253575706;0.14799170132469727;0.31339593895912882;0.087828934579055037;0.66168188114614934;3.1186278001024044;30.717333222312579;0.18522528494440194;0.078552131951425963;0.1340803001012211;0.1482131560132483;0.31433811240590903;0.088663635580083763;0.66173340935527303;3.115198307785489;30.695421398539789;0.18509042784563004;0.077888757279609422;0.13412480243935701;0.14828721908732337;0.31447319959241354
2100;9;0.096188145447086454;0.6622904814295606;3.0820581447516493;30.460796650129343;0.19081408607363176;0.069265659638517718;0.13389408484409118;0.14955344321432662;0.3155309782491541;0.096323752188070363;0.66227674459528385;3.08174546565763;30.46620317851367;0.19105260387824552;0.069414662418854078;0.13398098906673911;0.14954703450327889;0.31562878422233537;0.095052086289278165;0.66229763064812019;3.0861979852983681;30.459237114680363;0.19058171160543588;0.069633660667012265;0.13372502017764112;0.14929108830286836;0.3150428075161868
2100;10;0.034126492792180704;0.66049760332697349;3.3539365920922122;31.27287640113158;0.15192572675720528;0.044721817041137868;0.12432778583324028;0.14179665252136725;0.29576367795320513;0.033905057504485456;0.66049117731388496;3.3548022634139723;31.275783988114075;0.15211708103903487;0.044827900306598778;0.12430113897922157;0.14177472353314452;0.29570942595523025;0.041699600618223261;0.66051639668573003;3.3278095360591737;31.257365281672474;0.15361728299563501;0.044538391946424838;0.12568486209885862;0.14256035643984397;0.29818047342722898
2100;11;0.10602374934227139;0.66303212965895053;3.0329213490144671;30.149735838804258;0.19896583212284427;0.049575675921209594;0.13401207588863218;0.15133507221021372;0.3175734245215725;0.10623714515338037;0.6630363182232224;3.0316368275462611;30.147668472743128;0.19938435473572783;0.048793037619043744;0.13408109569982946;0.1513727914310927;0.31769872967394103;0.060114253856644866;0.66394860122031829;3.1799069873885961;29.833963807736374;0.19096628210756181;0.039094848991627629;0.12119633971791653;0.14722938345165049;0.29780128857118587
2100;12;0.035222146133832573;0.66088756694867046;3.3398467476975195;31.108279439557219;0.15254150671148711;0.033146253354043864;0.12354411155849848;0.1423025598227122;0.29541313855828172;0.035086935964659151;0.66089104328851256;3.3399393963133024;31.106880855798568;0.15276301586363258;0.032681274924106773;0.12352725007886765;0.14229796501609696;0.2953892768445916;0.038046160381460907;0.66134518670683917;3.3244340095303189;30.916658467098156;0.15186856937473836;0.025536447726315359;0.12273444679611209;0.14270230882469914;0.29490370476624578
2100;13;0.036732196223471632;0.66169757299091303;3.3268804714556377;30.77418638790045;0.15606628507453782;0.022399502541992078;0.12126703519861202;0.1426522992011266;0.2931543854404618;0.036360456048673717;0.66174147784215698;3.3276215701209715;30.756614289268526;0.15620357537589427;0.021506107413094;0.12109660069688512;0.14259523522311476;0.29289590460691273;0.033906146522327402;0.66190002038334961;3.3346189225900438;30.694513659166219;0.15548445667606478;0.018942953246892102;0.12018250840723656;0.14232348446968909;0.29155759264273745
2100;14;0.0045021220366776547;0.6593987109435645;3.4815768084058281;31.767564207194766;0.12688889682703242;0.014537268118930413;0.11644353325524477;0.14317074136239547;0.28873191296721185;0.0045445578295338863;0.65941706033132863;3.4810753853155019;31.759716162006463;0.1268542007844799;0.014002247823130531;0.11630716225175056;0.14327660366171038;0.28869885692592345;0.002689381098309808;0.65980498671872512;3.4865948939684284;31.598928629842721;0.12815502008155541;0.012478810315341704;0.11193928739073983;0.14573284536780182;0.28657043306231167
2200;15;0.022198731612990439;0.57708894640737773;14.113383641479757;106.13201820006699;0.026043155558377013;1.1470062655313029;0.098605176521156648;0.11002858053768846;0.2329000654893654;0.023070366216174251;0.57726681031742277;14.022419636256485;105.82596811061288;0.02634282095664962;1.1148434834742815;0.098797563826121926;0.11062718101282672;0.23382788078474126;0.024259986782489359;0.57739713235372203;14.00888246188142;105.61467911205574;0.026452666660028022;1.0971754962685765;0.097768139915253738;0.11140523003462285;0.2335597288842482
2200;16;0.014848603471452605;0.57544886740957524;14.869699657056236;108.97520035839153;0.021392469171609002;0.69680977084747298;0.098164500023827886;0.1048699614597521;0.22632707136272714;0.015715844341622962;0.57556079910386027;14.808546845864065;108.7766480361535;0.021448076073766045;0.68826475789780517;0.098296182234610424;0.10523450100196745;0.22690554728839613;0.020827712661716995;0.57563755471155165;14.733816090510654;108.63322549671737;0.021591512117484696;0.67419544765261463;0.098639794677956888;0.10570368967022138;0.22785039300637469
2200;17;0.018604356713382904;0.57607016641998854;14.543702170563215;107.88043877787544;0.021286729751420919;0.94818387655113412;0.09877146419162168;0.10688031223786246;0.22938300002655901;0.01858497286991026;0.5759859792988028;14.579359327632027;108.02621952725495;0.021215959900416161;0.97742444995070343;0.098783097540219911;0.10662966937657255;0.22910324224327652;0.018464055226171727;0.5760163012722268;14.580979793500886;107.97700377188247;0.021173679506574672;0.92977455722085267;0.098959353789954893;0.10632406381751813;0.22895899427182775
2200;18;0.013199133144562721;0.57486180366673834;15.102524283421831;110.00245851532675;0.018445871322414889;0.56439645893657797;0.097982198972269327;0.10372815902045261;0.22478478618107103;0.013636913662160839;0.57480773242039962;15.116772260550539;110.09595089132335;0.018468242392325009;0.57422423474520201;0.098126956769445092;0.10356407155932003;0.22476145436423117;0.014627741343770841;0.57483237635132511;15.101483703241318;110.05135210872989;0.018451361123259902;0.54569687260244137;0.098057779165896114;0.10376137016182024;0.22491302049968881
2200;19;0.020099327602242405;0.57623305998941032;14.41488287622068;107.58513828740782;0.021950601479474242;1.0060360187734929;0.099387238685108181;0.10759755012551578;0.23095730815947579;0.020153979075432468;0.57621410542581308;14.423303765415264;107.61795255233295;0.021954281968798395;0.99242559404189024;0.099387253008939816;0.10753704542546108;0.23088570999021504;0.025382419506243242;0.5762890275745649;14.330669735583454;107.47455420636142;0.022094755630628123;1.0344567381146419;0.10045599963449313;0.10760030889846812;0.23220032373674243
2200;20;0.014093472940787074;0.5749580108915161;15.024052724500175;109.82435463969941;0.01880569231820511;0.6206140943813665;0.098329140706446758;0.10414277983899378;0.22568298444771254;0.013828987031766852;0.5749466535628196;15.033776482622454;109.84547235904157;0.018820269714367035;0.61066025499876275;0.098276069507375302;0.10409804552036657;0.22556898427567354;0.020725637058750929;0.57502651423888829;14.918974135637965;109.68651446010051;0.018963120994925267;0.63855222804463097;0.099300364622541742;0.10443193116504552;0.22713267186776917
2200;21;0.043441754670990484;0.5772852833373725;13.885269421179338;105.76420878554603;0.020208391276188998;0.35608810799665491;0.10036372050170909;0.11132181673338015;0.23624223455542742;0.043084840163000605;0.57728992180255478;13.890663840276524;105.75807200847809;0.020231481101597927;0.35633656068743136;0.10027044674004508;0.11131621768885458;0.23612507464605551;0.043542423866886566;0.57695246955941071;13.946170524272029;106.31188299183633;0.020107599350341093;0.39030996575490917;0.10102963168002192;0.11077247201824682;0.23644929013566177
2200;22;0.032187437212623661;0.57571370607835182;14.616388596565201;108.48112563330275;0.016773661783807521;0.22913268614370708;0.098991539448370733;0.10691165093592055;0.22952763045564856;0.031722954665938913;0.57571716175965337;14.623540835635414;108.47708778984696;0.01678993894434648;0.22931747245458212;0.098870520782238736;0.10691895394648517;0.22939341320155626;0.026728721120435329;0.57545719586598931;14.739197695124053;108.93177255345151;0.016705932164186817;0.25272268967864164;0.098742507488208467;0.10619642108248144;0.22845353854759334
2200;23;0.021332239275013563;0.57648858427273664;14.2346017708606;107.1282101724312;0.022915213357052742;1.126369842456576;0.10012645808340771;0.10867143210999411;0.23310468448751936;0.020641106798467004;0.57648156501252668;14.247849865648305;107.14267367078901;0.022926087428638352;1.1154109433745063;0.099998813194478176;0.10862199750303582;0.23289879853702083;0.043243262432334492;0.57943564686698745;12.972125050920747;102.17385763914223;0.026564355474137123;0.43765472560313157;0.10204910265959838;0.11724322498976808;0.24519850614488703
2200;24;0.014682138779845878;0.57511394574405894;14.912394272277592;109.53966763901623;0.019312587581322292;0.72861461578224151;0.098709312283364908;0.1047956665917603;0.22690601924758944;0.014195752630871868;0.57510955914842787;14.921824511337739;109.54909431438026;0.019333196501967242;0.72076352301682078;0.098614153098135801;0.1047720857123848;0.2267683737922383;0.04234213145225503;0.57719372584742246;13.82977018747801;105.89744711344157;0.020437279536471606;0.31652492341507354;0.10191484274684792;0.11088047236459463;0.23762803011412592
2200;25;0.048868841615440375;0.57767072344975434;13.711749942730902;105.10935602804715;0.02057287883211454;0.30009853578594203;0.1007056277630992;0.11245665401483032;0.23791878777813502;0.048122004991094612;0.57767963629786911;13.720610188099602;105.09732152273375;0.02058957353065664;0.29919259318145208;0.10054050282165794;0.11245161076545417;0.23771783871439797;0.048249862458134993;0.57813943553269842;13.637127510287501;104.35087167257247;0.020589111470489835;0.25084114612123898;0.099775794272872184;0.11304842256333855;0.23744732532320814
2200;26;0.036172826285106527;0.57597327548738098;14.495171071591894;108.02764998314569;0.016831136166416398;0.19321087847306018;0.099132088520355988;0.10770886037903664;0.23058559595618508;0.036622759321417696;0.57597898074483922;14.487178671324999;108.01647456360368;0.016865515846748499;0.19238186226573362;0.09921239529287823;0.10772723371312824;0.23070042561046408;0.037426947900874495;0.57631077344516624;14.422660630789901;107.46047048591385;0.016681170553214331;0.16096757319257193;0.098117835527063713;0.10871529718123854;0.23052175580456233
2200;27;0.06218394825727673;0.5787081311206892;13.36306376681652;103.3948069945976;0.021774244958937875;0.20014034943613979;0.10047373618805704;0.11497864228481891;0.24039326094559832;0.061792720858265919;0.57879019608186311;13.360139888257695;103.26633352925018;0.021814033947204995;0.19442587094964381;0.10014252597942175;0.11509398487596442;0.24011976949415156;0.066497532629168382;0.57916413684549839;13.264590635135756;102.66345730272253;0.02199522716302842;0.1733025340568517;0.099926526198906004;0.11567391339390529;0.24047282679690202
2200;28;0.047005149938344246;0.5767088036290845;14.231213498509261;106.7711826978496;0.017304742912254902;0.12879188626211402;0.098778656575741544;0.10966387574862078;0.23230309308006872;0.046958106989973394;0.57677621968885129;14.226450149979476;106.66128500950856;0.017321400677062275;0.12503062108386587;0.09850026525561234;0.10980467153550506;0.23212376110814989;0.060667355254171496;0.57703695262826671;14.003629421674423;106.18975675092149;0.017534283237342616;0.11026189692184829;0.10028307195279101;0.11058366192585561;0.23507114489067121
2200;29;0.011816677710469457;0.57869695528188836;14.655512968919197;103.70780322584065;0.017150607012058838;0.042663071380211193;0.088293051117758536;0.10750635024844409;0.21768618677197113;0.0072112388799960474;0.57874663580174135;14.722526186441636;103.64471158416549;0.017071073426372766;0.040706343440710668;0.086865091526970362;0.10782284873014274;0.21643912118644704;0.0061988474677218625;0.57994705124356316;14.716572600049256;101.78686000036524;0.017710037731875853;0.080289265336652704;0.076884677838951671;0.11400296931914254;0.2122280002416779
2200;30;0.00067938479239277184;0.57545874701422839;15.352670241179537;109.06630502943813;0.013272906033128312;0.01711692029644496;0.083893715141973024;0.11247039430542601;0.2186329494259639;0.0007178433310304548;0.5754610348388598;15.351569763347564;109.06228211505423;0.013254238882713116;0.016008057792937791;0.08389100973244655;0.11248065975359969;0.21864140260782897;3.5528758218612871e-05;0.57554794241011198;15.354143132237889;108.91927339196268;0.013003289420555317;0.03020137127478506;0.083111899629597003;0.11294574987915051;0.21828221922941268
2300;31;0.021561139523074837;0.51711427746596783;64.270215024717459;289.50825439166675;0.0030851852646249533;2.6335663774247564;0.0;0.11800922896325396;0.13178809816175591;0.021848897656782329;0.51719004623048237;64.078182056266357;289.11260008754675;0.0031136710398105439;2.5808461752973244;0.0;0.11820821046757575;0.13202623381187592;0.0028348798342544613;0.51756992696055548;65.420350634046159;287.4379041379803;0.0030773894403816429;2.5333763060700676;0.0;0.1149996603935194;0.12818993803734272
2300;32;0.010657376496552691;0.51584545111119828;66.879927425460451;296.1337111291906;0.0026494863530366702;1.514871328132017;0.0;0.1159261867113023;0.12929694256203869;0.010862257778979903;0.51588718467762174;66.766212593796112;295.90976120530598;0.0026610289077682761;1.4915874199601831;0.0;0.11603986102125043;0.12943280419572981;0.0044178076220155989;0.51591449236067843;67.256263671618598;295.83608800908087;0.0026231608568289253;1.4419822824962125;0.0;0.11513352376431729;0.12834983647984385
2300;33;0.014167726499768994;0.51607888389029655;66.29589962228313;294.88988862551128;0.0025417406848644479;1.8342279500913605;0.0;0.11647583808128904;0.12995396690246458;0.014329157767044399;0.51612092217451022;66.17787134813301;294.66475895876067;0.0025442950977138277;1.8029519909987357;0.0;0.11659887431415107;0.13010106905882365;0.0021031672010479868;0.51613517957215282;67.281604520570085;294.73593205991608;0.0025018690284184233;1.5559013229534457;0.0;0.11464478973082923;0.12776611454009987
2300;34;0.0076235805689201476;0.5153697587522017;68.056837946214685;298.68250380431363;0.0023134352746784293;0.950274194507017;0.0;0.11486433157954684;0.12802830297596599;0.0080064779590537892;0.51539204696985186;67.974824087518925;298.55916214691439;0.0023094576762796477;0.94083554004811276;0.0;0.11495879445694247;0.12814112680115494;0.002426908055332749;0.51532798981057626;68.502442380004467;298.95099031715625;0.0022908192452271224;0.79051054335081972;0.0;0.11419598345117229;0.12723024077770589
2300;35;0.015214850589536524;0.51634188401909131;65.580680237623056;293.48710055557831;0.0025127253745074992;2.3001539459528431;0.0;0.11721229284158018;0.13083464170073009;0.01525904499737161;0.51628625062484379;65.696683756456864;293.77870009058915;0.0025033584734081055;2.3045507378697039;0.0;0.11711823254424798;0.13072213895213758;0.011277971180876641;0.51630825418597626;65.961499543949941;293.70386000243366;0.0024819679537044334;2.2314609587979817;0.0;0.11659991248322561;0.13010231034241623
2300;36;0.0085358435507418371;0.51551498748106817;67.652850391049085;297.89635472069284;0.0022462338657704851;1.2408427041094683;0.0;0.11526023097234277;0.12850119948693806;0.0086082254803977933;0.51548309204312504;67.711903270345474;298.06503194379252;0.0022455083034699551;1.2347953833995007;0.0;0.11522361296444701;0.12845745477502771;0.002244175534837493;0.51559267197080805;68.146147516066179;297.5674628088222;0.002230822732122295;1.1985460038999918;0.0;0.11426422145363463;0.1273117068966825
2300;37;0.011396931918539601;0.51570059400721946;67.164943841882632;296.89814428700288;0.0021883122271030091;1.6116770937784963;0.0;0.11572507505014196;0.129056601148971;0.01171448245347808;0.51563860286231689;67.259745579840384;297.22239314493658;0.002186633178014325;1.5350230103933882;0.0;0.11568680733141201;0.12901087221422861;0.0037106450109021254;0.51569125795479809;67.870212555607182;297.03563423966079;0.0021631561762494827;1.4082881358902455;0.0;0.11453332570906752;0.1276330123862458
2300;38;0.005482746026607632;0.51507300325067384;68.669297910029243;300.26789138381042;0.0020186521870016552;0.70096089851148236;0.0;0.11442862103025683;0.1275079903727302;0.0055351181062934995;0.51504266737182058;68.715919568221764;300.42840215658788;0.0020248172372502953;0.65575572384091174;0.0;0.11441150216592304;0.12748755048778262;0.0048563754724574738;0.5150225167850041;68.790586853428422;300.54064010763977;0.0020155204045926764;0.59082023619367874;0.0;0.11432700427839861;0.12738666348022834
2300;39;0.015678528384021555;0.51633751947526429;65.502739440595533;293.49857110280766;0.0025695549312828077;2.2100090965849972;0.0;0.11736166777056427;0.13101331822541606;0.015963926380199684;0.51632420066731866;65.510936305752367;293.56579776108316;0.0025706153845007191;2.1798123380378343;0.0;0.11737431186343909;0.13102844336561817;0.016647805584872669;0.51616826380243352;65.713032325960597;294.36806413523215;0.0025475262270125369;1.9948503509581883;0.0;0.11733159303396039;0.13097734264747726
2300;40;0.0086509412518578528;0.51551072981103341;67.619549838175132;297.91357184168481;0.0022942160353214215;1.1957755416872828;0.0;0.11532600089495733;0.12857977229724327;0.0088110312058213135;0.51550306869254892;67.623341207388975;297.95274551537301;0.0022966055612428983;1.1778302558198561;0.0;0.11533502000281058;0.12859054733595296;0.0017489635567764735;0.51549906971587411;68.239130969748473;298.05174549138076;0.0022836320032828344;1.0709310695048657;0.0;0.11429534093865391;0.1273488601572744
2300;41;0.012007824355955361;0.51569907413684146;67.090595032377976;296.89618841676617;0.002221327890293159;1.5446272044570719;0.0;0.11585726622999498;0.12921457470108202;0.011505150828010019;0.51570370194372461;67.122974494174159;296.87709331097739;0.0022235742517249832;1.5469196526254336;0.0;0.11579159216509578;0.12913609001449153;0.0038710747156738222;0.51554931333039056;67.954131626058157;297.76169746411847;0.0021838132370883639;1.2147251691786209;0.0;0.11467660690056131;0.127804110005863
2300;42;0.0057084824751345168;0.51507058616786572;68.639367775914906;300.27638606584907;0.0020466808416072738;0.67541448490402445;0.0;0.11448371951862302;0.12757377936022868;0.0055264201714528621;0.51507303628523771;68.651167993776028;300.26541107994825;0.0020492335602242807;0.67637207397126531;0.0;0.11445897629393653;0.12754423503814269;0.0045072531890818848;0.51497209091476259;68.854257664236798;300.80598844030254;0.0020479342653600338;0.5016206496321729;0.0;0.11432195027087157;0.12738062937559669
2300;43;0.016056378475464882;0.51646352855974753;64.494289779660633;292.74060753128191;0.0023349384376228394;2.8260998937184922;0.0;0.11894565540798829;0.13290904339849;0.015638554343723257;0.51648228800747575;64.479648549013902;292.64578193663874;0.0023401616628731217;2.9889331265820829;0.0;0.11893370089398352;0.13289472921684234;0.0040272802262986789;0.516257397252744;66.169962977571984;293.98384583658549;0.0022569765348480369;2.5024340601945028;0.0;0.11633391853726256;0.12978430197491791
2300;44;0.0077760255705565887;0.5154435093792058;67.341445872837227;298.2173198382248;0.0020103248799584663;1.5399489860200788;0.0;0.11594234375166611;0.12931625259240973;0.0077715840977780988;0.51545311042036024;67.318804933053272;298.16586286203938;0.0020133297997062191;1.6322202481177328;0.0;0.11596202640690964;0.12933977651508799;0.0052758625351072294;0.51527107921234483;67.976333040713385;299.17232824497887;0.0020009100519605958;1.2688281349667818;0.0;0.11520096826912932;0.12843040341159825
2300;45;0.011245365499732441;0.51575053237515001;66.347471080611086;296.54096407873601;0.0019635441706954515;2.287040976955268;0.0;0.11705769903775551;0.13064974010615493;0.011870342093762058;0.51577047293253819;66.252430345979718;296.42839021886715;0.0019708512563136266;2.3323357486347618;0.0;0.11718567666024818;0.130802806200433;0.0061923342048614896;0.51572234846943465;66.949387095764706;296.76088179986289;0.0019503549407612027;2.1648420133629998;0.0;0.11605579195070431;0.12945184535429025
2300;46;0.0042728397171601946;0.51499292179321843;68.558449053654314;300.66193952217282;0.0017555638870339497;0.97265728576019228;0.0;0.1147764542591671;0.12792335084941281;0.0045680046679376597;0.51500140429966101;68.515406837134094;300.61316586076862;0.0017582941758319901;1.0000280508165815;0.0;0.11483190296571155;0.12798957270887859;0.0027172171458035954;0.51497840418005958;68.774924987036783;300.76365814905773;0.0017623456878144734;0.88052303864998294;0.0;0.11444199459767744;0.1275239585373118
2300;47;0.016553581198677256;0.51637887334951726;65.298328037415914;293.26647307447217;0.0026575628595850082;2.2253577362747023;0.0;0.1176460924949283;0.13135358210509154;0.016274485423241301;0.51640142840815106;65.282337970671122;293.15248183787628;0.0026633279274024756;2.2456077908870498;0.0;0.117628544364878;0.13133258712680723;0.016365917221567664;0.51762020635419226;61.89907851359073;286.72947598959655;0.0030272363054206172;3.7837879129241969;0.0;0.1214787663444466;0.13594451860766227
2300;48;0.0091187385227885342;0.51553246083169713;67.508153823100741;297.78953756091255;0.0023630782998399478;1.2140654680166563;0.0;0.11547346199150811;0.12875595033877713;0.0089191774051844384;0.51554604088135858;67.502890002856148;297.72033060954232;0.0023658557951386425;1.2272128067777999;0.0;0.11545496964284761;0.12873385584062377;0.0053896633369923839;0.51631665596647403;65.760526871233125;293.63591975812534;0.0024703520644362912;2.3393782678354569;0.0;0.11694137347816377;0.1305106209451424
2300;49;0.012273148360420623;0.51573611658419549;66.962653566406331;296.69338688880561;0.0022697507840376127;1.579650121904308;0.0;0.11600458617604839;0.12939064324839408;0.011778020117236478;0.5157538597339727;66.970511891552576;296.60523519229412;0.0022742750889518004;1.6053317349033591;0.0;0.11595473717724292;0.1293310646851358;0.013030010802323801;0.51625290309775718;65.199368812210864;293.87922143076582;0.002301625245526235;2.3661920231162981;0.0;0.11808653591972425;0.13188061353529559
2300;50;0.0057113241610802987;0.51508721183398387;68.590652234276561;300.18549588097193;0.0020836336898559719;0.70191722405468226;0.0;0.11453207546643857;0.12763151949197044;0.0056867802857598878;0.51509601003484418;68.580894231079682;300.13945287514804;0.0020868707922852593;0.71552094618567708;0.0;0.11453075493010249;0.12762994266242414;0.00080438818711833727;0.51549667346632033;68.08748555553889;298.04451547202569;0.0020195298412320826;1.2511815515750868;0.0;0.11455643431044941;0.12766060620379621
2300;51;0.016875461285137675;0.51657153768764308;64.049407164158325;292.14706108114325;0.0023695374170613057;2.9302163313673191;0.0;0.1195505640759484;0.1336334905704776;0.017394410845523914;0.51660339735929506;63.935817558989712;291.97451020853077;0.0023796049570743685;3.0398069698584607;0.0;0.11969745015296958;0.13380944396596461;0.017186275746564048;0.51695314888332555;62.960981065741834;290.12257782195508;0.0024183867378664548;3.5925273570526883;0.0;0.12081985680254732;0.13515448465331895
2300;52;0.0081674796243245678;0.51549922389911518;67.098858366278009;297.904430508725;0.0020192828066721933;1.635537153936184;0.0;0.11625041470857153;0.1296844801568475;0.0085400657120838757;0.51551643686261139;67.028975538764968;297.80846915748469;0.0020230449315664927;1.7046762201488264;0.0;0.1163372203150695;0.12978824908091208;0.0029153507916825938;0.51581029394148381;66.836663748664506;296.30451125815233;0.0020024147999465232;2.1306367688410432;0.0;0.11607337572643739;0.12947286226983215
2300;53;0.011654377092104845;0.51582754234160888;66.025191932921928;296.11223230525013;0.0019682504627955774;2.5152846543974761;0.0;0.11747384545792318;0.13114751178942982;0.012219498695666707;0.51581575541595337;66.013946275873408;296.16987964452346;0.0019708437674477064;2.4292712056279697;0.0;0.11751831391664058;0.13120071017800899;0.0052685198498552549;0.51615718358819018;65.732206353833277;294.42578944710527;0.0019674601124450661;3.0111328576950314;0.0;0.11731995528699686;0.13096342168676195
2300;54;0.0045898919866872332;0.51502339654925344;68.408318972835701;300.48731286528363;0.001744281533628577;1.115062864731442;0.0;0.11496837708054349;0.12815257239835995;0.0047008525926611226;0.51501842635962969;68.412448441169033;300.51318031176083;0.0017472262763420007;1.0736641234302624;0.0;0.11497144309470626;0.12815623449611097;0.0080736783177619217;0.51512708991166112;67.8382258740521;299.88597535391267;0.0017178063290532839;1.4385005537832285;0.0;0.11572973006593343;0.12906216384799549
2300;55;0.01734217848570091;0.51700808594370007;62.594510306275843;289.80373621369267;0.002528402982824425;3.6192249311895353;0.0;0.12141485590633427;0.13586787608148682;0.017608551712079392;0.5170934725805949;62.336967155003727;289.35093515991741;0.0025490323019933883;3.7328827413915633;0.0;0.12173746770412319;0.1362547880092268;0.010114246894123458;0.51731634232438328;62.336790153512503;288.26372935313702;0.002558107743295646;3.9994116076705666;0.0;0.12126358998704614;0.13568648709608899
2300;56;0.0083780194030748361;0.51573582033106624;66.258305443821612;296.60321858691026;0.0020796298441114578;2.1696197264859052;0.0;0.11724656113718177;0.13087563064111574;0.0088428647202016594;0.51578282876283799;66.082193475263722;296.34406135784201;0.0020843969681856186;2.2604247278010803;0.0;0.11746405799505605;0.13113580307568287;0.0034059795140269581;0.51594901208009436;66.154207886341609;295.52057309473952;0.0020746944374420099;2.4631197893469903;0.0;0.11699341488884589;0.1305728584436443
2300;57;0.01284707353607859;0.5161315476265963;64.856431327054423;294.43799933017016;0.0020428692909505329;3.3057239931295612;0.0;0.11896812184736145;0.13293594470962067;0.012593017657994048;0.51619767190610533;64.667782765596655;294.08356121632403;0.0020546030739882508;3.3249709211588652;0.0;0.1191790540317073;0.13318853300512931;0.008218385829733027;0.51600893452976004;65.456177623361754;295.12931146796677;0.0020062047788017966;2.7649833718271566;0.0;0.11812494580896062;0.13192658136108981
2300;58;0.0048777827144873597;0.51515701570058758;67.871882326223698;299.73814197040537;0.0017531245379362552;1.6579494855363919;0.0;0.11561109700672255;0.1289204035938902;0.0048675625725217598;0.5151877850447133;67.768451908693933;299.56842833123596;0.0017534238384524323;1.699576509500389;0.0;0.11572608328397667;0.1290578059773011;0.0040156054051699733;0.51509269756339893;68.076512447901777;300.09168308094695;0.0017450834550176186;1.3417733220450145;0.0;0.11539173211863207;0.12865830215045052
2300;59;0.146591108049414;0.51994835796466699;52.529884712074292;274.3745449377376;0.0027570045396203293;0.30524663142728059;0.0;0.13758318800647465;0.15534785838873388;0.16212854515011996;0.52033775331329135;51.503636425991594;272.42674782263038;0.0028436889096541467;0.25140855157133046;0.0;0.13939279486093986;0.15753897991290983;0.0017823252353631016;0.52395830897276396;61.230462668063545;257.72331790567671;0.0026235537004280934;0.44827006388246105;0.0;0.10999229032277409;0.12221859136012019
2300;60;0.0032724595295111109;0.51832915672015456;65.778511287777349;283.82503199122567;0.0017704360574740934;0.17765396006836909;0.0;0.11286036653485751;0.12563643016260903;0.0035506879812580404;0.5184203742747493;65.719241378196699;283.38151893850034;0.0017542803598667223;0.14523552884071478;0.0;0.11278287194905268;0.12554399694063556;9.0734925425014806e-05;0.51855042178550625;65.886868389074607;282.78208162760239;0.0016374687100197984;0.19799435538914167;0.0;0.11223861236081774;0.12489495137709666
2300;61;0.0027304416492783868;0.51859409399837642;65.673180908809073;282.54734795709794;0.0018293206439973914;0.19765847963668648;0.0;0.11252040256884674;0.12523096583305826;0.0026828482160125042;0.51859495388707233;65.672565049362149;282.54317713378163;0.0018267150784630271;0.19727161828484441;0.0;0.1125197743725907;0.12523021668595313;0.0023969198455696104;0.51880025835595156;65.520024058182798;281.54860814237679;0.0018072896461064406;0.19096231537787389;0.0;0.1123797504847216;0.1250632406897996
2300;62;1.1345114674660637e-07;0.51464402508781215;69.574447511692753;302.57735293841876;0.0012836926277775159;-0.010087200773511995;0.0;0.11378574309111947;0.12674054934664788;2.9279538648764763e-07;0.51464399150926654;69.574626401804849;302.57754811116797;0.0012816931424664689;-0.010066975652023302;0.0;0.11378551582242462;0.1267402780986619;0.0019806012666150614;0.51466823973187459;69.445572465771633;302.43664303831969;0.0012506522762130705;-0.0097229197095316522;0.0;0.11394973819473385;0.12693628984638994
